"SourcePath","ArtifactClass","Description","DurableValue","BrainyOverlap","PrimaryDisposition","ConceptualTarget","MigrationRisk","EvidenceConfidence","Rationale","SizeBytes","ModifiedLocal","SHA256"
"00_HUMAN/HUMAN.PS_HERMES_OBSIDIAN_INTEGRATION.md","PROJECT_IDENTITY","Human intent and project governance baseline.","HIGH","HIGH","TRANSFER_TO_BRAINY","Brainy purpose/governance review","HIGH","HIGH","Contains durable intent mixed with obsolete project-specific identity; extract, do not copy.","1234","2026-07-03T23:41:54.0767252-04:00","CA1662ACD3D7B66B599B8FFA716A38B06E8806A14C6972E13A9B0A6007D17922"
"01_WHOAMI/WHOAMI.PS_HERMES_OBSIDIAN_INTEGRATION.md","PROJECT_IDENTITY","Tool-specific project identity and declared scope.","MEDIUM","HIGH","ARCHIVE_AS_EVIDENCE","Brainy purpose/governance review","HIGH","HIGH","Identity is superseded, but scope boundaries may contain durable requirements.","909","2026-07-03T23:41:54.0779780-04:00","75730E1EE95ABAB56549227904A7EDE7F44C4BE2AF38E6155FAB4CBCDE6E2A9C"
"02_BATON/BATON.PS_HERMES_OBSIDIAN_INTEGRATION.ACTIVE.md","CONTINUITY","Historical project continuity snapshot.","MEDIUM","LOW","ARCHIVE_AS_EVIDENCE","Hermes project archive package","LOW","HIGH","Stale continuity is evidence, not active Brainy canon.","1283","2026-07-03T23:41:54.0799945-04:00","125BF91B242631728E9C86DDA0BF7967AEE3A1FBB5B72D093BB93F78D510270D"
"03_RADAR/ACTIVE/RADAR_INDEX.PS_HERMES_OBSIDIAN_INTEGRATION.ACTIVE.csv","INVENTORY_EVIDENCE","Historical inventory and structural evidence.","LOW","LOW","ARCHIVE_AS_EVIDENCE","Hermes project archive package","LOW","HIGH","Useful for traceability only.","5481","2026-07-04T00:37:55.0103056-04:00","48C56D2189E6C0416CDE60822D0329F024931DDB074AF9AA27C3352A135F7732"
"03_RADAR/ACTIVE/RADAR_LITE.PS_HERMES_OBSIDIAN_INTEGRATION.ACTIVE.txt","INVENTORY_EVIDENCE","Historical inventory and structural evidence.","LOW","LOW","ARCHIVE_AS_EVIDENCE","Hermes project archive package","LOW","HIGH","Useful for traceability only.","1255","2026-07-04T00:37:55.0343696-04:00","BEC4EB65D4544D7A89F8E4F28568AF0E1B7FFA3A34A2FE9DC98BC7FED2BE7979"
"03_RADAR/ACTIVE/RADAR_SUMMARY.PS_HERMES_OBSIDIAN_INTEGRATION.ACTIVE.txt","INVENTORY_EVIDENCE","Historical inventory and structural evidence.","LOW","LOW","ARCHIVE_AS_EVIDENCE","Hermes project archive package","LOW","HIGH","Useful for traceability only.","435","2026-07-04T00:37:55.0313058-04:00","88D23DD86F259363D4F3A6FB6E7E7ECF3B881ACE1BA22026DABB298F23174BC2"
"04_CIS/CIS-001C.PROJECT_BOOTSTRAP.md","CHANGE_INSTRUCTION_EVIDENCE","Approved scope, test or decision package.","MEDIUM","MEDIUM","ARCHIVE_AS_EVIDENCE","Hermes project archive package","LOW","HIGH","Preserve execution history; durable requirements are extracted through policy/workflow review.","1058","2026-07-03T23:41:54.0824369-04:00","9B95FBEABB4E4AE42DD758CC0B2CFA3E325CE43796C9C80D052CD401F350F603"
"04_CIS/CIS-005A.PROJECT_SCOPE_AND_WORKFLOW_BASELINE.md","CHANGE_INSTRUCTION_EVIDENCE","Approved scope, test or decision package.","MEDIUM","MEDIUM","ARCHIVE_AS_EVIDENCE","Hermes project archive package","LOW","HIGH","Preserve execution history; durable requirements are extracted through policy/workflow review.","2162","2026-07-04T12:56:18.0852404-04:00","6DE8E09E04790D1A263FEBAACBB2147BCD2D9EB676A222874723B17BD3D974DD"
"04_CIS/CIS-005B.UPDATE_GLOBALTEMPHERMES_POLICY.md","CHANGE_INSTRUCTION_EVIDENCE","Approved scope, test or decision package.","MEDIUM","MEDIUM","ARCHIVE_AS_EVIDENCE","Hermes project archive package","LOW","HIGH","Preserve execution history; durable requirements are extracted through policy/workflow review.","980","2026-07-04T12:56:18.1347909-04:00","6C4E84327F0ADA14E8B6001AA10FC416CA763FBF5208C1F7D87099FF88B2190B"
"04_CIS/CIS-006B.WORKFLOW001_PERSONAL_CAPTURE_CONTROLLED_TEST.md","CHANGE_INSTRUCTION_EVIDENCE","Approved scope, test or decision package.","MEDIUM","MEDIUM","ARCHIVE_AS_EVIDENCE","Hermes project archive package","LOW","HIGH","Preserve execution history; durable requirements are extracted through policy/workflow review.","659","2026-07-04T21:34:28.7775274-04:00","8BB2EC461D93945DAA3A83BF46DC9BF60A769991860C6229FF45FCCF1B0A21F3"
"04_CIS/CIS-006C.WORKFLOW001_REAL_LOW_SENSITIVITY_PERSONAL_NOTE.md","CHANGE_INSTRUCTION_EVIDENCE","Approved scope, test or decision package.","MEDIUM","MEDIUM","ARCHIVE_AS_EVIDENCE","Hermes project archive package","LOW","HIGH","Preserve execution history; durable requirements are extracted through policy/workflow review.","694","2026-07-04T22:08:30.8551984-04:00","E3C3DA8B41780C2A4C3ED641B4EB4D48B0D4B6A0FFA649E66F98E177C22A7523"
"04_CIS/CIS-006D.PROMOTE_WORKFLOW001_STANDARD_DAILY_LOOP_CANDIDATE.md","CHANGE_INSTRUCTION_EVIDENCE","Approved scope, test or decision package.","MEDIUM","MEDIUM","ARCHIVE_AS_EVIDENCE","Hermes project archive package","LOW","HIGH","Preserve execution history; durable requirements are extracted through policy/workflow review.","1130","2026-07-05T00:36:21.3401877-04:00","2119CB0161965144371A801E00D6DCC62C583BFB47204C4AE4542937FFD74F23"
"04_CIS/CIS-006E.FIX_WORKFLOW001_GLOBALTEMPHERMES_REFERENCE.md","CHANGE_INSTRUCTION_EVIDENCE","Approved scope, test or decision package.","MEDIUM","MEDIUM","ARCHIVE_AS_EVIDENCE","Hermes project archive package","LOW","HIGH","Preserve execution history; durable requirements are extracted through policy/workflow review.","917","2026-07-05T00:48:07.6896815-04:00","F164E940838A05C71C68C5885A0DA4007AF4D8E14EE63AB4E114132DE8096BAE"
"04_CIS/CIS-007A.RELEASE001_CANDIDATE_CLOSURE_REVIEW.md","CHANGE_INSTRUCTION_EVIDENCE","Approved scope, test or decision package.","MEDIUM","MEDIUM","ARCHIVE_AS_EVIDENCE","Hermes project archive package","LOW","HIGH","Preserve execution history; durable requirements are extracted through policy/workflow review.","1038","2026-07-05T00:59:35.9768748-04:00","68456266D0CD4C9750AA8FDF631D840CBCCFEA6A27105B028D7F8B35442AD6B6"
"04_CIS/CIS-007B.HUMAN_ACCEPT_RELEASE001_CANDIDATE.md","CHANGE_INSTRUCTION_EVIDENCE","Approved scope, test or decision package.","MEDIUM","MEDIUM","ARCHIVE_AS_EVIDENCE","Hermes project archive package","LOW","HIGH","Preserve execution history; durable requirements are extracted through policy/workflow review.","1014","2026-07-05T01:06:30.6477276-04:00","24BA2D73B38AC4014548E856582027BEBD876D1A59B547114EC9C81ECC18679C"
"04_CIS/CIS-008A.WORKFLOW001_MANUAL_DAILY_CYCLE_001.md","CHANGE_INSTRUCTION_EVIDENCE","Approved scope, test or decision package.","MEDIUM","MEDIUM","ARCHIVE_AS_EVIDENCE","Hermes project archive package","LOW","HIGH","Preserve execution history; durable requirements are extracted through policy/workflow review.","578","2026-07-05T01:19:58.2697984-04:00","30FD51CD7D12E5E0A08B9DA70EABD7DEA8A1FCDE7E59E5E1A6B4C945B0DE7F4A"
"04_CIS/CIS-008B.OBSIDIAN_HERMES_UX_INTAKE_DESIGN.md","CHANGE_INSTRUCTION_EVIDENCE","Approved scope, test or decision package.","MEDIUM","MEDIUM","ARCHIVE_AS_EVIDENCE","Hermes project archive package","LOW","HIGH","Preserve execution history; durable requirements are extracted through policy/workflow review.","758","2026-07-05T01:56:46.9999035-04:00","5094DAEF9DCBFF4C7D2479863D450C74C0FA557596BE5E7784E360915D6B97A8"
"04_CIS/CIS-008C.WORKFLOW001_OBSIDIAN_COPY_PASTE_BRIDGE_CYCLE_001.md","CHANGE_INSTRUCTION_EVIDENCE","Approved scope, test or decision package.","MEDIUM","MEDIUM","ARCHIVE_AS_EVIDENCE","Hermes project archive package","LOW","HIGH","Preserve execution history; durable requirements are extracted through policy/workflow review.","635","2026-07-05T10:47:18.6804709-04:00","C542D434818917EB43CB5DD5A077E301704554D418F01FBF6C1EFA0E1018BD76"
"05_POLICIES/POLICY.AI_ROUTING.md","AI_ROUTING_POLICY","Mixed tool-specific routing state and durable sensitivity/cost rules.","HIGH","HIGH","SPLIT_BEFORE_TRANSFER","Brainy routing requirements and later tool review","HIGH","HIGH","Split durable privacy/cost rules from Hermes/OpenRouter implementation details.","742","2026-07-03T23:41:54.0859393-04:00","F88F27FF84D24F9C72D65660212B895334441088BE1FF20002ACAD9A0275FE92"
"05_POLICIES/POLICY.GLOBALTEMP.md","PROJECT_TEMP_POLICY","Hermes-project-specific disposable staging policy.","LOW","LOW","ARCHIVE_AS_EVIDENCE","Hermes project archive package","LOW","HIGH","Path is project-specific and should not become Brainy canon.","1114","2026-07-04T12:56:18.1618769-04:00","E37D5010F976EA2A36AC7580606E812B855DA305BF9D7D476D1756D29364DA97"
"05_POLICIES/POLICY.OBSIDIAN_HERMES_UX_INTAKE_BOUNDARY.md","TOOL_BOUNDARY_POLICY","Obsidian/Hermes-specific intake restrictions and future gates.","HIGH","MEDIUM","SPLIT_BEFORE_TRANSFER","Brainy requirements plus deferred tool review","HIGH","HIGH","Extract no-traversal and explicit-source requirements; defer plugin-specific decisions.","972","2026-07-05T01:56:47.0039023-04:00","21296511E36DC936D5E065061D326F046F5366E13CC34F3F22FCA6F1F2596B99"
"05_POLICIES/POLICY.VAULT_BOUNDARY.md","BOUNDARY_POLICY","Read-only defaults and protected vault/config boundaries.","HIGH","HIGH","TRANSFER_TO_BRAINY","Brainy source-boundary requirements","MEDIUM","HIGH","Contains durable no-touch and explicit-approval requirements independent of tool choice.","1390","2026-07-04T12:27:55.9206228-04:00","9EFB1F160F6B298B256DC4143AF32AFA1CCAAA85825DDE649F9F98E9B463A175"
"05_POLICIES/POLICY.WORK_PRIVACY.md","PRIVACY_POLICY","Corporate-sensitive Work handling rules.","HIGH","HIGH","TRANSFER_TO_BRAINY","Brainy privacy requirements","MEDIUM","HIGH","Tool-neutral privacy requirement.","731","2026-07-03T23:41:54.0874556-04:00","7ABCF1F5F62A07B30230F1FCD25C152D326F263902CB1AA9EB45C083403ADFC2"
"05_POLICIES/POLICY.WORKFLOW001_INPUT_MODES.md","INPUT_POLICY","Allowed, pending and blocked intake modes.","HIGH","HIGH","TRANSFER_TO_BRAINY","Brainy intake requirements","MEDIUM","HIGH","Human-supplied paste/file and no-hidden-scan rules are tool-neutral.","1100","2026-07-05T00:36:21.3451882-04:00","88196D3570C095FF7751B411ED18B5A9BB894197FD5E184A4081B3D5752D5200"
"06_RUNBOOKS/RUNBOOK.CONTEXT_SELECTION.md","OPERATING_RUNBOOK","Minimum selected-context operating procedure.","HIGH","HIGH","TRANSFER_TO_BRAINY","Brainy source-selection requirements","MEDIUM","HIGH","Minimum necessary context is a durable requirement; tool-specific commands should be omitted.","664","2026-07-03T23:41:54.0905265-04:00","732C910193F4879638F4224370E48A5ADF6123AD15A041C60C918BA41576EFCD"
"06_RUNBOOKS/RUNBOOK.HERMES_OBSIDIAN.md","TOOL_RUNBOOK","Hermes gateway and Obsidian plugin operation.","MEDIUM","LOW","DEFER_TOOL_DECISION","Later Brainy market-tool review","LOW","HIGH","Relevant only if Hermes/Obsidian are retained.","663","2026-07-03T23:41:54.0895205-04:00","0CA963275528E4F59D5B6E9318FF266A9B19083A87E0DEC5A2B39A5EB6321262"
"07_TOOLS/README.TOOLS.md","TOOLING_GOVERNANCE","Generic script reversibility and reporting conventions.","MEDIUM","LOW","ROUTE_TO_SKILLS_GRC","Skills/GRC opportunity accumulation","LOW","HIGH","Reusable execution-governance pattern, not Brainy-specific content.","415","2026-07-03T23:41:54.0920345-04:00","43ED8B3F60E47A1176FD96A0B6C68F82E8CEEFB94CDEBBBB507C061B68F1E2C7"
"08_LOGS/LOG.CIS006A.WORKFLOW001_FIRST_TEST.20260704_204228.txt","EXECUTION_LOG","Historical test or change execution evidence.","LOW","LOW","ARCHIVE_AS_EVIDENCE","Hermes project archive package","LOW","HIGH","Preserve traceability without polluting active Brainy canon.","746","2026-07-04T20:42:28.5506913-04:00","8AF396E81A15A2670CF5CBDB6C153CD5AF8E65A3D7E35A5492C6BDB5F3364299"
"08_LOGS/LOG.CIS006B.WORKFLOW001_PERSONAL_CAPTURE_CONTROLLED_TEST.20260704_213428.txt","EXECUTION_LOG","Historical test or change execution evidence.","LOW","LOW","ARCHIVE_AS_EVIDENCE","Hermes project archive package","LOW","HIGH","Preserve traceability without polluting active Brainy canon.","621","2026-07-04T21:34:28.9298345-04:00","AF6613C53652B51AFCC5E8A1AE345C1ABFAF7561853554F0A18E5A3C21C2ECBD"
"08_LOGS/LOG.CIS006C.WORKFLOW001_REAL_LOW_SENSITIVITY_PERSONAL_NOTE.20260704_220745.txt","EXECUTION_LOG","Historical test or change execution evidence.","LOW","LOW","ARCHIVE_AS_EVIDENCE","Hermes project archive package","LOW","HIGH","Preserve traceability without polluting active Brainy canon.","704","2026-07-04T22:08:31.0436775-04:00","CCB777722BDBE2A70460DFB35E870B3C51E45D6C76987613E5309AF87283138D"
"08_LOGS/LOG.CIS006D.PROMOTE_WORKFLOW001_STANDARD_DAILY_LOOP_CANDIDATE.20260705_003621.txt","EXECUTION_LOG","Historical test or change execution evidence.","LOW","LOW","ARCHIVE_AS_EVIDENCE","Hermes project archive package","LOW","HIGH","Preserve traceability without polluting active Brainy canon.","360","2026-07-05T00:36:21.4935341-04:00","45AC5DD49EFF3A4D2E04F01BB75227B70524B9A51F95877DA7D66259D3E27350"
"08_LOGS/LOG.CIS006E.FIX_WORKFLOW001_GLOBALTEMPHERMES_REFERENCE.20260705_004807.txt","EXECUTION_LOG","Historical test or change execution evidence.","LOW","LOW","ARCHIVE_AS_EVIDENCE","Hermes project archive package","LOW","HIGH","Preserve traceability without polluting active Brainy canon.","704","2026-07-05T00:48:07.9804067-04:00","7F9A27C5B3DDB5D4A7FD648DA0D9D99849773D8FF3A4C57CC729E6CB1DC447B4"
"08_LOGS/LOG.CIS007A.RELEASE001_CANDIDATE_CLOSURE_REVIEW.20260705_005935.txt","EXECUTION_LOG","Historical test or change execution evidence.","LOW","LOW","ARCHIVE_AS_EVIDENCE","Hermes project archive package","LOW","HIGH","Preserve traceability without polluting active Brainy canon.","758","2026-07-05T00:59:36.1266819-04:00","47B99643FD765E9744349D8D35F30AF88F64B18B3577B3AAC67D2BCB35CEC05A"
"08_LOGS/LOG.CIS007B.HUMAN_ACCEPT_RELEASE001_CANDIDATE.20260705_010630.txt","EXECUTION_LOG","Historical test or change execution evidence.","LOW","LOW","ARCHIVE_AS_EVIDENCE","Hermes project archive package","LOW","HIGH","Preserve traceability without polluting active Brainy canon.","847","2026-07-05T01:06:30.8850006-04:00","E9F0098AECE5DE98D37B2BF790D6BB6915E9695927EB1A2977EABD07814E37DD"
"08_LOGS/LOG.CIS008A.WORKFLOW001_MANUAL_DAILY_CYCLE_001.20260705_011930.txt","EXECUTION_LOG","Historical test or change execution evidence.","LOW","LOW","ARCHIVE_AS_EVIDENCE","Hermes project archive package","LOW","HIGH","Preserve traceability without polluting active Brainy canon.","827","2026-07-05T01:19:58.4652124-04:00","0931F0E33F7B56F8D70FE6F04DD8A7B6D1E98F6EED56B51E8F72BBA459706514"
"08_LOGS/LOG.CIS008B.OBSIDIAN_HERMES_UX_INTAKE_DESIGN.20260705_015646.txt","EXECUTION_LOG","Historical test or change execution evidence.","LOW","LOW","ARCHIVE_AS_EVIDENCE","Hermes project archive package","LOW","HIGH","Preserve traceability without polluting active Brainy canon.","665","2026-07-05T01:56:47.1780925-04:00","FC46252A9649019B45DF650823EA545472971737A44477CC518DC902FA0809A9"
"08_LOGS/LOG.CIS008C.WORKFLOW001_OBSIDIAN_COPY_PASTE_BRIDGE_CYCLE_001.20260705_102708.txt","EXECUTION_LOG","Historical test or change execution evidence.","LOW","LOW","ARCHIVE_AS_EVIDENCE","Hermes project archive package","LOW","HIGH","Preserve traceability without polluting active Brainy canon.","816","2026-07-05T10:47:18.8843169-04:00","C6B8E8A991E524AD7C4C6B9A8D2AAF4D0729A278FDB5812A5932E73FE8EB9412"
"09_BACKLOG/BACKLOG.PS_HERMES_OBSIDIAN_INTEGRATION.ACTIVE.md","BACKLOG","Mixed completed, stale, tool-specific and potentially durable open work.","MEDIUM","HIGH","ARCHIVE_AS_EVIDENCE","Wings4.0 transfer decision review","HIGH","HIGH","Items must be reclassified individually; several OPEN states are stale.","4342","2026-07-05T10:47:18.7952509-04:00","2F7C68DE2C74BEB1A33200CBA375231B177256D9E7BF1A08541EA9090CCE8544"
"09_TEMP/HERMES_OBSIDIAN_CIS001C_PROJECT_BOOTSTRAP_R2.20260703_234153/APPLY_REPORT.CIS-001C.txt","TEMPORARY_EXECUTION_EVIDENCE","Temporary bootstrap/diagnostic run artifacts.","LOW","NONE","ARCHIVE_AS_EVIDENCE","Hermes project archive package","LOW","HIGH","Do not transfer into Brainy; retain only with source archive.","587","2026-07-03T23:41:54.1121346-04:00","AA6DC45B7F28D414B747634F44FD65511AA7262CA42C39CB4747DEBF89584615"
"09_TEMP/HERMES_OBSIDIAN_CIS001C_PROJECT_BOOTSTRAP_R2.20260703_234153/CREATED_DIRS.CIS-001C.txt","TEMPORARY_EXECUTION_EVIDENCE","Temporary bootstrap/diagnostic run artifacts.","LOW","NONE","ARCHIVE_AS_EVIDENCE","Hermes project archive package","LOW","HIGH","Do not transfer into Brainy; retain only with source archive.","918","2026-07-03T23:41:54.1076901-04:00","EAC31A285D5C0C5308D0021771866EB2C76F3E0B0999CEEDD1A656DBF3FD878D"
"09_TEMP/HERMES_OBSIDIAN_CIS001C_PROJECT_BOOTSTRAP_R2.20260703_234153/CREATED_FILES.CIS-001C.txt","TEMPORARY_EXECUTION_EVIDENCE","Temporary bootstrap/diagnostic run artifacts.","LOW","NONE","ARCHIVE_AS_EVIDENCE","Hermes project archive package","LOW","HIGH","Do not transfer into Brainy; retain only with source archive.","964","2026-07-03T23:41:54.0985558-04:00","D27FCB9697268F89BD35F02008688DE9A17D32D212F2012BA50259EC5CEED6ED"
"09_TEMP/HERMES_OBSIDIAN_CIS001C_PROJECT_BOOTSTRAP_R2.20260703_234153/ROLLBACK_MANIFEST.CIS-001C.txt","TEMPORARY_EXECUTION_EVIDENCE","Temporary bootstrap/diagnostic run artifacts.","LOW","NONE","ARCHIVE_AS_EVIDENCE","Hermes project archive package","LOW","HIGH","Do not transfer into Brainy; retain only with source archive.","2187","2026-07-03T23:41:54.1111373-04:00","5843FBE114AC5296584DE214A17746B187489DB94F002DDE2DCCA442DDE70F22"
"09_TEMP/HERMES_OBSIDIAN_CIS001C_PROJECT_BOOTSTRAP_R2.20260703_234153/SKIPPED_EXISTING_FILES.CIS-001C.txt","TEMPORARY_EXECUTION_EVIDENCE","Temporary bootstrap/diagnostic run artifacts.","LOW","NONE","ARCHIVE_AS_EVIDENCE","Hermes project archive package","LOW","HIGH","Do not transfer into Brainy; retain only with source archive.","0","2026-07-03T23:41:54.1086848-04:00","E3B0C44298FC1C149AFBF4C8996FB92427AE41E4649B934CA495991B7852B855"
"09_TEMP/HERMES_OBSIDIAN_CIS001C_PROJECT_BOOTSTRAP_R2.20260703_234153/WARNINGS.CIS-001C.txt","TEMPORARY_EXECUTION_EVIDENCE","Temporary bootstrap/diagnostic run artifacts.","LOW","NONE","ARCHIVE_AS_EVIDENCE","Hermes project archive package","LOW","HIGH","Do not transfer into Brainy; retain only with source archive.","0","2026-07-03T23:41:54.1086848-04:00","E3B0C44298FC1C149AFBF4C8996FB92427AE41E4649B934CA495991B7852B855"
"09_TEMP/HERMES_OBSIDIAN_CIS002A_PROJECT_RADAR_LITE_R1.20260704_003754/CIS002A.OUTPUTS.txt","TEMPORARY_EXECUTION_EVIDENCE","Temporary bootstrap/diagnostic run artifacts.","LOW","NONE","ARCHIVE_AS_EVIDENCE","Hermes project archive package","LOW","HIGH","Do not transfer into Brainy; retain only with source archive.","480","2026-07-04T00:37:55.0375602-04:00","D1831AA517AAD027111E452B3BA7F61E69F39E0841EC3FBCF20BC1F16A313CBE"
"09_TEMP/HERMES_OBSIDIAN_CIS002A_PROJECT_RADAR_LITE_R1.20260704_003754/CIS002A.RUN_REPORT.txt","TEMPORARY_EXECUTION_EVIDENCE","Temporary bootstrap/diagnostic run artifacts.","LOW","NONE","ARCHIVE_AS_EVIDENCE","Hermes project archive package","LOW","HIGH","Do not transfer into Brainy; retain only with source archive.","655","2026-07-04T00:37:55.0365415-04:00","5EA72718F6ADD8C75F172A4469E53739E28F8EACC6B348446615CA67C7AE0E9A"
"09_TEMP/HERMES_OBSIDIAN_CIS002B_WORK_NESTED_OBSIDIAN_DIAG_R1.20260704_004653/CIS002B.RUN_REPORT.txt","TEMPORARY_EXECUTION_EVIDENCE","Temporary bootstrap/diagnostic run artifacts.","LOW","NONE","ARCHIVE_AS_EVIDENCE","Hermes project archive package","LOW","HIGH","Do not transfer into Brainy; retain only with source archive.","764","2026-07-04T00:47:02.1442223-04:00","C200E905B6A119EEA17758CFC4C23A2567D5379CEB3F571CFD79C4BBA9F1EBDA"
"09_TEMP/HERMES_OBSIDIAN_CIS003_WORK_NESTED_VAULT_DECISION_PACKAGE_R1.20260704_005527/CIS003.RUN_REPORT.txt","TEMPORARY_EXECUTION_EVIDENCE","Temporary bootstrap/diagnostic run artifacts.","LOW","NONE","ARCHIVE_AS_EVIDENCE","Hermes project archive package","LOW","HIGH","Do not transfer into Brainy; retain only with source archive.","911","2026-07-04T00:55:27.6264754-04:00","A9687043B93F70267088D4FE7BC84AB1623A0B6617079F505C8D08A443D334AF"
"09_TEMP/HERMES_OBSIDIAN_CIS004A_OBSIDIAN_RUNTIME_VAULT_CHECK_R1.20260704_011326/CIS004A.ERROR.20260704_011326.txt","TEMPORARY_EXECUTION_EVIDENCE","Temporary bootstrap/diagnostic run artifacts.","LOW","NONE","ARCHIVE_AS_EVIDENCE","Hermes project archive package","LOW","HIGH","Do not transfer into Brainy; retain only with source archive.","210","2026-07-04T01:13:26.7734453-04:00","D75018FAEAF100C0B9EBB5123653AA43FF0EED266F88241E41C6E56B15AAC0BE"
"09_TEMP/HERMES_OBSIDIAN_CIS004A_OBSIDIAN_RUNTIME_VAULT_CHECK_R2.20260704_110116/CIS004A.RUN_REPORT.txt","TEMPORARY_EXECUTION_EVIDENCE","Temporary bootstrap/diagnostic run artifacts.","LOW","NONE","ARCHIVE_AS_EVIDENCE","Hermes project archive package","LOW","HIGH","Do not transfer into Brainy; retain only with source archive.","877","2026-07-04T11:01:16.2432679-04:00","7162AA6FA50354823D63EF796D0492C0B5AF76A0BC0B5F853E67BE1BA102229C"
"09_TEMP/README.TEMP.md","TEMPORARY_EXECUTION_EVIDENCE","Temporary bootstrap/diagnostic run artifacts.","LOW","NONE","ARCHIVE_AS_EVIDENCE","Hermes project archive package","LOW","HIGH","Do not transfer into Brainy; retain only with source archive.","377","2026-07-03T23:41:54.0935349-04:00","3CB590E2337EA6AC828E9F7458417A31D741617A423D191D9481B7EA6743D2DA"
"10_OUTPUTS/CIS002B.WORK_NESTED_OBSIDIAN_DIAG.INVENTORY.20260704_004653.csv","OBSIDIAN_DIAGNOSTIC_EVIDENCE","Vault/plugin/config diagnostic evidence.","MEDIUM","LOW","DEFER_TOOL_DECISION","Later Brainy tool review evidence","LOW","HIGH","Potentially useful only when evaluating Obsidian and existing vault state.","8292","2026-07-04T00:47:02.1202988-04:00","F5357CFB3D000A2DCDA70E30FAEAABD49B77DBA7E3C2CDEA98EAF45FCC3DC351"
"10_OUTPUTS/CIS002B.WORK_NESTED_OBSIDIAN_DIAG.REPORT.20260704_004653.txt","OBSIDIAN_DIAGNOSTIC_EVIDENCE","Vault/plugin/config diagnostic evidence.","MEDIUM","LOW","DEFER_TOOL_DECISION","Later Brainy tool review evidence","LOW","HIGH","Potentially useful only when evaluating Obsidian and existing vault state.","3461","2026-07-04T00:47:02.1412279-04:00","D2DB43339B06ADE2450D4CA0D27DF89F2D138FAC1C154455EB3429FB401A83FF"
"10_OUTPUTS/CIS002B.WORK_NESTED_OBSIDIAN_DIAG.TARGET_SUMMARY.20260704_004653.csv","OBSIDIAN_DIAGNOSTIC_EVIDENCE","Vault/plugin/config diagnostic evidence.","MEDIUM","LOW","DEFER_TOOL_DECISION","Later Brainy tool review evidence","LOW","HIGH","Potentially useful only when evaluating Obsidian and existing vault state.","1458","2026-07-04T00:47:02.1202988-04:00","3CAA4C42D3C1E3A68F5BED54906CEE9C763C3EA951E74603BF4B6564318EC8B9"
"10_OUTPUTS/CIS003.WORK_NESTED_VAULT_COMPARISON.20260704_005527.csv","OBSIDIAN_DIAGNOSTIC_EVIDENCE","Vault/plugin/config diagnostic evidence.","MEDIUM","LOW","DEFER_TOOL_DECISION","Later Brainy tool review evidence","LOW","HIGH","Potentially useful only when evaluating Obsidian and existing vault state.","1366","2026-07-04T00:55:27.5799337-04:00","08C6A9C9EDAF870DC00FB7018089DD718FC345B2557A7CF8C2F6BDE1A95D3002"
"10_OUTPUTS/CIS003.WORK_NESTED_VAULT_DECISION_PACKAGE.20260704_005527.txt","OBSIDIAN_DIAGNOSTIC_EVIDENCE","Vault/plugin/config diagnostic evidence.","MEDIUM","LOW","DEFER_TOOL_DECISION","Later Brainy tool review evidence","LOW","HIGH","Potentially useful only when evaluating Obsidian and existing vault state.","4042","2026-07-04T00:55:27.6243140-04:00","1D2F380387E5E4C835A8329A35E679E03CD4BD4A394CB557ED7A3D451A981B4F"
"10_OUTPUTS/CIS003.WORK_OBSIDIAN_JSON_SIGNALS.20260704_005527.csv","OBSIDIAN_DIAGNOSTIC_EVIDENCE","Vault/plugin/config diagnostic evidence.","MEDIUM","LOW","DEFER_TOOL_DECISION","Later Brainy tool review evidence","LOW","HIGH","Potentially useful only when evaluating Obsidian and existing vault state.","3649","2026-07-04T00:55:27.3856400-04:00","D6836D8E5AA19F614542AA5D8D8C186A36922B6A9A54724C2F80425C9611F237"
"10_OUTPUTS/CIS003.WORK_OBSIDIAN_PLUGIN_COMPARISON.20260704_005527.csv","OBSIDIAN_DIAGNOSTIC_EVIDENCE","Vault/plugin/config diagnostic evidence.","MEDIUM","LOW","DEFER_TOOL_DECISION","Later Brainy tool review evidence","LOW","HIGH","Potentially useful only when evaluating Obsidian and existing vault state.","410","2026-07-04T00:55:27.4190483-04:00","6F09451521E656FF9A7347E3A40F207CD93395FEB8F74E60CA289C7D15779246"
"10_OUTPUTS/CIS004A.MANUAL_VALIDATION_CHECKLIST.20260704_110116.md","OBSIDIAN_DIAGNOSTIC_EVIDENCE","Vault/plugin/config diagnostic evidence.","MEDIUM","LOW","DEFER_TOOL_DECISION","Later Brainy tool review evidence","LOW","HIGH","Potentially useful only when evaluating Obsidian and existing vault state.","2046","2026-07-04T11:01:16.2402720-04:00","AD5C8FF6EF6CC825FFB302ACC209F520FE5B38DE82EB780A7C5D3A9A840F2101"
"10_OUTPUTS/CIS004A.OBSIDIAN_RUNTIME_VAULT_CHECK.20260704_110116.txt","OBSIDIAN_DIAGNOSTIC_EVIDENCE","Vault/plugin/config diagnostic evidence.","MEDIUM","LOW","DEFER_TOOL_DECISION","Later Brainy tool review evidence","LOW","HIGH","Potentially useful only when evaluating Obsidian and existing vault state.","1430","2026-07-04T11:01:16.2392653-04:00","AD773011D13F9615ABAAB75F805D617ADDB22D67937DCEF289FDE6B868B5EFE2"
"10_OUTPUTS/CIS004A.OBSIDIAN_RUNTIME_VAULT_REGISTRY.20260704_110116.csv","OBSIDIAN_DIAGNOSTIC_EVIDENCE","Vault/plugin/config diagnostic evidence.","MEDIUM","LOW","DEFER_TOOL_DECISION","Later Brainy tool review evidence","LOW","HIGH","Potentially useful only when evaluating Obsidian and existing vault state.","1030","2026-07-04T11:01:16.1817350-04:00","920BBF7A297DBE804784103F9D07B95A1A3580B91B82B6785F48ED6C43927B4B"
"10_OUTPUTS/CIS006D.WORKFLOW001_PROMOTION_REPORT.20260705_003621.md","PILOT_OUTPUT","Workflow, release or test output evidence.","MEDIUM","MEDIUM","ARCHIVE_AS_EVIDENCE","Hermes project archive package","LOW","HIGH","Preserve proof; transfer requirements through curated policy/workflow items instead.","719","2026-07-05T00:36:21.3471879-04:00","7CA3482DBE9E39FCA1C5AC4EA4F002667443C00CF379B5E745CC3C51B7C3054D"
"10_OUTPUTS/CIS006E.WORKFLOW001_GLOBALTEMPHERMES_FIX_REPORT.20260705_004807.md","PILOT_OUTPUT","Workflow, release or test output evidence.","MEDIUM","MEDIUM","ARCHIVE_AS_EVIDENCE","Hermes project archive package","LOW","HIGH","Preserve proof; transfer requirements through curated policy/workflow items instead.","788","2026-07-05T00:48:07.9794026-04:00","5C19D54B4DA1F5A2B6BA4377D655679BC6C222B54806433BE212D0F24E1D37EA"
"10_OUTPUTS/CIS008B.OBSIDIAN_HERMES_UX_INTAKE_DECISION_PACKAGE.20260705_015646.md","PILOT_OUTPUT","Workflow, release or test output evidence.","MEDIUM","MEDIUM","ARCHIVE_AS_EVIDENCE","Hermes project archive package","LOW","HIGH","Preserve proof; transfer requirements through curated policy/workflow items instead.","804","2026-07-05T01:56:47.0079031-04:00","C89CB0AA0F116665FC3C7C124CAE3FC1F0C3C5AC489B9CE7B4EE25F5A8DD1D46"
"10_OUTPUTS/CIS008B.OBSIDIAN_HERMES_UX_INTAKE_READINESS_GATE.20260705_015646.md","PILOT_OUTPUT","Workflow, release or test output evidence.","MEDIUM","MEDIUM","ARCHIVE_AS_EVIDENCE","Hermes project archive package","LOW","HIGH","Preserve proof; transfer requirements through curated policy/workflow items instead.","1081","2026-07-05T01:56:47.0069013-04:00","7E62EDA61D9CBB1CD2609F4CD14FE7A716011207A5AFD25E690DD4E131DE6466"
"10_OUTPUTS/CIS008B.OBSIDIAN_HERMES_UX_INTAKE_RISK_REGISTER.20260705_015646.md","PILOT_OUTPUT","Workflow, release or test output evidence.","MEDIUM","MEDIUM","ARCHIVE_AS_EVIDENCE","Hermes project archive package","LOW","HIGH","Preserve proof; transfer requirements through curated policy/workflow items instead.","1063","2026-07-05T01:56:47.0049035-04:00","2EA199DEF1F6820B7349B4BE96EDC36EBC89893AF6ED203D47BC84FD94240496"
"10_OUTPUTS/RELEASE001.CANDIDATE_SUMMARY.20260705_005935.md","PILOT_OUTPUT","Workflow, release or test output evidence.","MEDIUM","MEDIUM","ARCHIVE_AS_EVIDENCE","Hermes project archive package","LOW","HIGH","Preserve proof; transfer requirements through curated policy/workflow items instead.","1100","2026-07-05T00:59:35.9828745-04:00","05C3CD8AC0EB3FD8A6CE7FEC26683DC0853789B9812E3DB5669F5215599F515B"
"10_OUTPUTS/RELEASE001.HUMAN_ACCEPTANCE_SUMMARY.20260705_010630.md","PILOT_OUTPUT","Workflow, release or test output evidence.","MEDIUM","MEDIUM","ARCHIVE_AS_EVIDENCE","Hermes project archive package","LOW","HIGH","Preserve proof; transfer requirements through curated policy/workflow items instead.","797","2026-07-05T01:06:30.6507276-04:00","485D1011FA64C13A1EFA4852830D35587887DF84B85598E8442DFDCA5AB0BF3F"
"10_OUTPUTS/WORKFLOW001.DAILY_CAPTURE.20260704_204228.md","PILOT_OUTPUT","Workflow, release or test output evidence.","MEDIUM","MEDIUM","ARCHIVE_AS_EVIDENCE","Hermes project archive package","LOW","HIGH","Preserve proof; transfer requirements through curated policy/workflow items instead.","1881","2026-07-04T20:42:28.4352692-04:00","9D74A55A298261924E4B154F6FEE4758EA388B0E5CDF4E93BFC553CA34413C21"
"10_OUTPUTS/WORKFLOW001.DAILY_SUMMARY.20260704_204228.md","PILOT_OUTPUT","Workflow, release or test output evidence.","MEDIUM","MEDIUM","ARCHIVE_AS_EVIDENCE","Hermes project archive package","LOW","HIGH","Preserve proof; transfer requirements through curated policy/workflow items instead.","1195","2026-07-04T20:42:28.4372644-04:00","3FC68C1367F106B3AD4242B7BC029603615B12A04B8F050C9B6F115726F18C00"
"10_OUTPUTS/WORKFLOW001.FIRST_DAILY_MEMORY_TEST.20260704_204228.md","PILOT_OUTPUT","Workflow, release or test output evidence.","MEDIUM","MEDIUM","ARCHIVE_AS_EVIDENCE","Hermes project archive package","LOW","HIGH","Preserve proof; transfer requirements through curated policy/workflow items instead.","1499","2026-07-04T20:42:28.5486767-04:00","9D8F0ACBDA1F8A6111AF5F30F57AB12682442695A847F8FC9B0710E13F3DE43C"
"10_OUTPUTS/WORKFLOW001.MANUAL_DAILY_CYCLE_001.CLASSIFICATION.20260705_011930.md","PILOT_OUTPUT","Workflow, release or test output evidence.","MEDIUM","MEDIUM","ARCHIVE_AS_EVIDENCE","Hermes project archive package","LOW","HIGH","Preserve proof; transfer requirements through curated policy/workflow items instead.","405","2026-07-05T01:19:58.2857478-04:00","B21BE4C08F82D5BDD593E52AE15141E1B8418D11B0FB2A5FD0815BB320ED7134"
"10_OUTPUTS/WORKFLOW001.MANUAL_DAILY_CYCLE_001.DAILY_SUMMARY.20260705_011930.md","PILOT_OUTPUT","Workflow, release or test output evidence.","MEDIUM","MEDIUM","ARCHIVE_AS_EVIDENCE","Hermes project archive package","LOW","HIGH","Preserve proof; transfer requirements through curated policy/workflow items instead.","657","2026-07-05T01:19:58.2897984-04:00","2BEDF36F07D35F95DCD72FFDFA8A25DB73DC5D4EF727A1A394354CA6C6C52AF8"
"10_OUTPUTS/WORKFLOW001.MANUAL_DAILY_CYCLE_001.PRIVACY_GATE.20260705_011930.md","PILOT_OUTPUT","Workflow, release or test output evidence.","MEDIUM","MEDIUM","ARCHIVE_AS_EVIDENCE","Hermes project archive package","LOW","HIGH","Preserve proof; transfer requirements through curated policy/workflow items instead.","529","2026-07-05T01:19:58.2832653-04:00","462F0E1467B6EE50208D22C85E69EE270F1A7168013E52BCD190CD16AA7B4A4A"
"10_OUTPUTS/WORKFLOW001.MANUAL_DAILY_CYCLE_001.RAW_CAPTURE.20260705_011930.md","PILOT_OUTPUT","Workflow, release or test output evidence.","MEDIUM","MEDIUM","ARCHIVE_AS_EVIDENCE","Hermes project archive package","LOW","HIGH","Preserve proof; transfer requirements through curated policy/workflow items instead.","649","2026-07-05T01:19:58.2727990-04:00","6AF6BFD43C24F9B25648A912908452B0B93D7959B31057BCE9EC02C921250C95"
"10_OUTPUTS/WORKFLOW001.MANUAL_DAILY_CYCLE_001.REPORT.20260705_011930.md","PILOT_OUTPUT","Workflow, release or test output evidence.","MEDIUM","MEDIUM","ARCHIVE_AS_EVIDENCE","Hermes project archive package","LOW","HIGH","Preserve proof; transfer requirements through curated policy/workflow items instead.","1361","2026-07-05T01:19:58.2917991-04:00","B742554BA4EE333B3BFC019C2464FE7A18018AD59FE960233198A6AFCC636315"
"10_OUTPUTS/WORKFLOW001.MANUAL_DAILY_CYCLE_001.SANITIZED_CAPTURE.20260705_011930.md","PILOT_OUTPUT","Workflow, release or test output evidence.","MEDIUM","MEDIUM","ARCHIVE_AS_EVIDENCE","Hermes project archive package","LOW","HIGH","Preserve proof; transfer requirements through curated policy/workflow items instead.","602","2026-07-05T01:19:58.2877584-04:00","D76A3FAF32EE2AC221B2E2F99E59C0A7F70B2F203E1F25E1965FF771127F970D"
"10_OUTPUTS/WORKFLOW001.OBSIDIAN_COPY_PASTE_BRIDGE_CYCLE_001.CLASSIFICATION.20260705_102708.md","PILOT_OUTPUT","Workflow, release or test output evidence.","MEDIUM","MEDIUM","ARCHIVE_AS_EVIDENCE","Hermes project archive package","LOW","HIGH","Preserve proof; transfer requirements through curated policy/workflow items instead.","543","2026-07-05T10:47:18.7094889-04:00","CA9059339F504CC052FD57E193D1CF81D9AB85C68145657981F8E4B9884315D3"
"10_OUTPUTS/WORKFLOW001.OBSIDIAN_COPY_PASTE_BRIDGE_CYCLE_001.DAILY_SUMMARY.20260705_102708.md","PILOT_OUTPUT","Workflow, release or test output evidence.","MEDIUM","MEDIUM","ARCHIVE_AS_EVIDENCE","Hermes project archive package","LOW","HIGH","Preserve proof; transfer requirements through curated policy/workflow items instead.","876","2026-07-05T10:47:18.7134966-04:00","9665A3E8808795EB6C53096B6D61D91A905358C3D60E2EF37DCD660566A176B0"
"10_OUTPUTS/WORKFLOW001.OBSIDIAN_COPY_PASTE_BRIDGE_CYCLE_001.PRIVACY_GATE.20260705_102708.md","PILOT_OUTPUT","Workflow, release or test output evidence.","MEDIUM","MEDIUM","ARCHIVE_AS_EVIDENCE","Hermes project archive package","LOW","HIGH","Preserve proof; transfer requirements through curated policy/workflow items instead.","607","2026-07-05T10:47:18.7084864-04:00","040D0B9DDC0A6937D84998742E1F641776797B0F0C83D402D3251A196D439412"
"10_OUTPUTS/WORKFLOW001.OBSIDIAN_COPY_PASTE_BRIDGE_CYCLE_001.RAW_CAPTURE.20260705_102708.md","PILOT_OUTPUT","Workflow, release or test output evidence.","MEDIUM","MEDIUM","ARCHIVE_AS_EVIDENCE","Hermes project archive package","LOW","HIGH","Preserve proof; transfer requirements through curated policy/workflow items instead.","1369","2026-07-05T10:47:18.6924411-04:00","97642D5403A7F729D0526533818FC2D2AF9DDE7985C04E4A4945F6C453B00140"
"10_OUTPUTS/WORKFLOW001.OBSIDIAN_COPY_PASTE_BRIDGE_CYCLE_001.REPORT.20260705_102708.md","PILOT_OUTPUT","Workflow, release or test output evidence.","MEDIUM","MEDIUM","ARCHIVE_AS_EVIDENCE","Hermes project archive package","LOW","HIGH","Preserve proof; transfer requirements through curated policy/workflow items instead.","1705","2026-07-05T10:47:18.7154977-04:00","5314C4328E77BB61FACAB9609EE96C339CAE82171E832D3B10EFE5C003A4F81D"
"10_OUTPUTS/WORKFLOW001.OBSIDIAN_COPY_PASTE_BRIDGE_CYCLE_001.SANITIZED_CAPTURE.20260705_102708.md","PILOT_OUTPUT","Workflow, release or test output evidence.","MEDIUM","MEDIUM","ARCHIVE_AS_EVIDENCE","Hermes project archive package","LOW","HIGH","Preserve proof; transfer requirements through curated policy/workflow items instead.","1220","2026-07-05T10:47:18.7114981-04:00","7D95097B835A6091BF8EA3F6BD12344A0B706FF4BEF7C5B0198598735D3C978C"
"10_OUTPUTS/WORKFLOW001.OBSIDIAN_COPY_PASTE_BRIDGE_CYCLE_001.SOURCE_DECLARATION.20260705_102708.md","PILOT_OUTPUT","Workflow, release or test output evidence.","MEDIUM","MEDIUM","ARCHIVE_AS_EVIDENCE","Hermes project archive package","LOW","HIGH","Preserve proof; transfer requirements through curated policy/workflow items instead.","515","2026-07-05T10:47:18.6834716-04:00","26E22D39708ACB46A989FF44BBE0EE7915115262BB2468F9DC0AF56698B97436"
"10_OUTPUTS/WORKFLOW001.PERSONAL_CAPTURE_CONTROLLED_TEST.20260704_213428.md","PILOT_OUTPUT","Workflow, release or test output evidence.","MEDIUM","MEDIUM","ARCHIVE_AS_EVIDENCE","Hermes project archive package","LOW","HIGH","Preserve proof; transfer requirements through curated policy/workflow items instead.","1309","2026-07-04T21:34:28.9208361-04:00","03F0CB7B35D5489601224E734D5F43560C7E1C6352F41A92D8899CA2FFD7A020"
"10_OUTPUTS/WORKFLOW001.PERSONAL_CONTROLLED_CLASSIFICATION.20260704_213428.md","PILOT_OUTPUT","Workflow, release or test output evidence.","MEDIUM","MEDIUM","ARCHIVE_AS_EVIDENCE","Hermes project archive package","LOW","HIGH","Preserve proof; transfer requirements through curated policy/workflow items instead.","587","2026-07-04T21:34:28.7825339-04:00","4D57C3DD8319A29F9F8AC4D74D2AB9A82C1E11EFC8EA0378C54B7804DEE07533"
"10_OUTPUTS/WORKFLOW001.PERSONAL_CONTROLLED_DAILY_SUMMARY.20260704_213428.md","PILOT_OUTPUT","Workflow, release or test output evidence.","MEDIUM","MEDIUM","ARCHIVE_AS_EVIDENCE","Hermes project archive package","LOW","HIGH","Preserve proof; transfer requirements through curated policy/workflow items instead.","1159","2026-07-04T21:34:28.7855329-04:00","66665D5A13156C4FF19B5545578BA1B67D9B5A4EF91FE629E885EE90DDD10BAE"
"10_OUTPUTS/WORKFLOW001.PERSONAL_CONTROLLED_RAW_CAPTURE.20260704_213428.md","PILOT_OUTPUT","Workflow, release or test output evidence.","MEDIUM","MEDIUM","ARCHIVE_AS_EVIDENCE","Hermes project archive package","LOW","HIGH","Preserve proof; transfer requirements through curated policy/workflow items instead.","761","2026-07-04T21:34:28.7815369-04:00","83377D01FECE81EB882661AD3AEE30E08B4062364EC306335EF7D37E2DE4BB05"
"10_OUTPUTS/WORKFLOW001.PERSONAL_CONTROLLED_SANITIZED_CAPTURE.20260704_213428.md","PILOT_OUTPUT","Workflow, release or test output evidence.","MEDIUM","MEDIUM","ARCHIVE_AS_EVIDENCE","Hermes project archive package","LOW","HIGH","Preserve proof; transfer requirements through curated policy/workflow items instead.","1123","2026-07-04T21:34:28.7845373-04:00","5B1378A9FA48DEF5DFBD131D9AF76364F0E7313BC3EB5C391A1E2C6C2EB689F1"
"10_OUTPUTS/WORKFLOW001.REAL_PERSONAL_LOW_SENS_CLASSIFICATION.20260704_220745.md","PILOT_OUTPUT","Workflow, release or test output evidence.","MEDIUM","MEDIUM","ARCHIVE_AS_EVIDENCE","Hermes project archive package","LOW","HIGH","Preserve proof; transfer requirements through curated policy/workflow items instead.","664","2026-07-04T22:08:30.8641986-04:00","5D041F063B3063E1EEEFC51B083FC6001A5786292EF488BEF93CFC591AE8947D"
"10_OUTPUTS/WORKFLOW001.REAL_PERSONAL_LOW_SENS_DAILY_SUMMARY.20260704_220745.md","PILOT_OUTPUT","Workflow, release or test output evidence.","MEDIUM","MEDIUM","ARCHIVE_AS_EVIDENCE","Hermes project archive package","LOW","HIGH","Preserve proof; transfer requirements through curated policy/workflow items instead.","1268","2026-07-04T22:08:30.8691941-04:00","B643EC9E646A72CE0504A9D828F0600149A8D2C11B20732972CE9A700F6A0F35"
"10_OUTPUTS/WORKFLOW001.REAL_PERSONAL_LOW_SENS_PRIVACY_GATE.20260704_220745.md","PILOT_OUTPUT","Workflow, release or test output evidence.","MEDIUM","MEDIUM","ARCHIVE_AS_EVIDENCE","Hermes project archive package","LOW","HIGH","Preserve proof; transfer requirements through curated policy/workflow items instead.","545","2026-07-04T22:08:30.8621932-04:00","3FD07995C246970E507B605F1E767029C06453E830C35CEC1869DBCE68E96C56"
"10_OUTPUTS/WORKFLOW001.REAL_PERSONAL_LOW_SENS_RAW_CAPTURE.20260704_220745.md","PILOT_OUTPUT","Workflow, release or test output evidence.","MEDIUM","MEDIUM","ARCHIVE_AS_EVIDENCE","Hermes project archive package","LOW","HIGH","Preserve proof; transfer requirements through curated policy/workflow items instead.","672","2026-07-04T22:08:30.8601929-04:00","218603AFB851A1DF751B1D250E7227D859657589A544540B0AC2CC9447AC5920"
"10_OUTPUTS/WORKFLOW001.REAL_PERSONAL_LOW_SENS_SANITIZED_CAPTURE.20260704_220745.md","PILOT_OUTPUT","Workflow, release or test output evidence.","MEDIUM","MEDIUM","ARCHIVE_AS_EVIDENCE","Hermes project archive package","LOW","HIGH","Preserve proof; transfer requirements through curated policy/workflow items instead.","1154","2026-07-04T22:08:30.8671931-04:00","98F0AF31BF8D134210679F931581BEB92ACDA56294682316A718B964E7E96478"
"10_OUTPUTS/WORKFLOW001.REAL_PERSONAL_LOW_SENS_TEST_PACKAGE.20260704_220745.md","PILOT_OUTPUT","Workflow, release or test output evidence.","MEDIUM","MEDIUM","ARCHIVE_AS_EVIDENCE","Hermes project archive package","LOW","HIGH","Preserve proof; transfer requirements through curated policy/workflow items instead.","1470","2026-07-04T22:08:31.0426755-04:00","7A83596325B09CA792B97B962006D23AB34AE47633D586F52596B5E4C8E1A5E7"
"11_QA/QA.PS_HERMES_OBSIDIAN_INTEGRATION.ACTIVE.md","Q_AND_A_REGISTER","Answered decisions and unresolved project questions.","HIGH","HIGH","SPLIT_BEFORE_TRANSFER","Curated Brainy decisions and deferred tool questions","HIGH","HIGH","Split durable requirements, historical answers and tool questions.","4121","2026-07-05T10:47:18.7677253-04:00","4EC2F4533C5391E578A4EBBE692BDB96A4E95FE0F7958CCABCE93406B80A1F8D"
"12_IDEAS/IDEAS.NON_PROJECT.ACTIVE.md","NON_PROJECT_IDEAS","Ideas explicitly outside the Hermes project.","UNKNOWN","UNKNOWN","ROUTE_TO_PORTFOLIO_IDEAS","Portfolio-level non-project ideas governance","HIGH","HIGH","Must not be silently absorbed into Brainy or discarded.","2936","2026-07-05T10:47:18.8367070-04:00","318C761327AA7080F551F02285F535D5F2885C34E8484A1550D481065941D451"
"12_IDEAS/IDEAS.PROJECT.PS_HERMES_OBSIDIAN_INTEGRATION.ACTIVE.md","PROJECT_IDEAS","Hermes-project ideas with mixed Brainy, tool and governance relevance.","MEDIUM","HIGH","SPLIT_BEFORE_TRANSFER","Brainy, tool-review or Skills/GRC routing","HIGH","HIGH","Each idea requires individual routing.","3809","2026-07-05T10:47:18.8161896-04:00","D855C0936632D9D06FE96B7E3D8C71D9BDD3294D3EC06D64B48C468AE344529E"
"13_OPPORTUNITIES/OPPORTUNITIES.SKILLS_GRC.PS_HERMES_OBSIDIAN_INTEGRATION.ACTIVE.md","SKILLS_GRC_OPPORTUNITIES","Accumulated reusable Skills/GRC opportunities.","HIGH","LOW","ROUTE_TO_SKILLS_GRC","Portfolio Skills/GRC opportunity accumulation","LOW","HIGH","Explicitly belongs to reusable governance accumulation.","4382","2026-07-05T10:47:18.8567052-04:00","D9279180BD32F7FEC3C5AF461E5B833751162926D73C69CC91A46EBE858069BE"
"14_SKILLS_GRC/CANDIDATE.ACCUMULATED_REGISTERS_PATTERN.md","SKILL_GRC_CANDIDATE","Reusable accumulated-registers governance pattern.","HIGH","LOW","ROUTE_TO_SKILLS_GRC","Skills/GRC governance system","LOW","HIGH","Reusable cross-project pattern.","955","2026-07-04T12:27:55.8940190-04:00","BB74F5C556A70A29EFE92B071F913021330B5207915FD83C35EC58313676B16B"
"15_WORKFLOWS/WORKFLOW.001_DAILY_MEMORY_LOOP.md","CORE_WORKFLOW","Candidate daily capture/privacy/classification/summarization workflow.","HIGH","HIGH","TRANSFER_TO_BRAINY","Brainy capability and requirement review","HIGH","HIGH","Extract durable behavior; do not copy tool/project-specific implementation.","2449","2026-07-05T00:48:07.7408367-04:00","0481EE66A3FED2734B5F0372CF9B7F430C3BDB43521CFF83D5B7611B543899A6"
"15_WORKFLOWS/WORKFLOW.001_FIRST_DAILY_TEST_PROTOCOL.md","TEST_PROTOCOL","Workflow validation protocol.","MEDIUM","MEDIUM","ARCHIVE_AS_EVIDENCE","Hermes project archive package","LOW","HIGH","Historical validation evidence; reusable test concepts can be extracted later.","1065","2026-07-04T20:42:28.4332655-04:00","D32BF450A31634D2CD373DE74533CB2740628666E2A0048CBFAB1588A3722B5F"
"15_WORKFLOWS/WORKFLOW.001_OBSIDIAN_HERMES_UX_INTAKE_DESIGN.md","TOOL_SPECIFIC_WORKFLOW_DESIGN","Design for Obsidian/Hermes intake.","MEDIUM","MEDIUM","DEFER_TOOL_DECISION","Later Brainy market-tool review","MEDIUM","HIGH","Do not promote a tool-specific design before tool selection.","2472","2026-07-05T01:56:47.0009040-04:00","DD4252F0F3979F46CE2E90893E2B8DA9B2420D9D37C9D5772D0695604E2723E5"
"15_WORKFLOWS/WORKFLOW.001_PERSONAL_CAPTURE_CONTROLLED_TEST_PROTOCOL.md","TEST_PROTOCOL","Workflow validation protocol.","MEDIUM","MEDIUM","ARCHIVE_AS_EVIDENCE","Hermes project archive package","LOW","HIGH","Historical validation evidence; reusable test concepts can be extracted later.","703","2026-07-04T21:34:28.7795332-04:00","1235CB8C20F276B8D32CDDF3A98A02110E5E6D9036244EA9C00F3EEDF26789F2"
"15_WORKFLOWS/WORKFLOW.001_REAL_LOW_SENSITIVITY_PERSONAL_NOTE_PROTOCOL.md","TEST_PROTOCOL","Workflow validation protocol.","MEDIUM","MEDIUM","ARCHIVE_AS_EVIDENCE","Hermes project archive package","LOW","HIGH","Historical validation evidence; reusable test concepts can be extracted later.","667","2026-07-04T22:08:30.8581935-04:00","95206732F2E5790DDD21720D08F93EF49DF638EB2900DF1DB52EF74F7F5CDA40"
"15_WORKFLOWS/WORKFLOW.001_STANDARD_DAILY_LOOP_CANDIDATE.md","CORE_WORKFLOW","Candidate daily capture/privacy/classification/summarization workflow.","HIGH","HIGH","ARCHIVE_AS_EVIDENCE","Brainy capability and requirement review","HIGH","HIGH","Extract durable behavior; do not copy tool/project-specific implementation.","1431","2026-07-05T00:48:07.7933988-04:00","54AA98FCE85527B6B957231C2F8500760A45DD55A56CF88DFCD4A5A3D7F3C586"
"15_WORKFLOWS/WORKFLOW.001_STATUS.md","CORE_WORKFLOW","Candidate daily capture/privacy/classification/summarization workflow.","HIGH","HIGH","ARCHIVE_AS_EVIDENCE","Brainy capability and requirement review","HIGH","HIGH","Extract durable behavior; do not copy tool/project-specific implementation.","2289","2026-07-05T10:47:18.7467265-04:00","DA28699432702231DABABEDE525CB92C383E7D895EA5E440B0869BBA64A8A3E4"
"16_RELEASES/RELEASE_001.CANDIDATE_CLOSURE_CHECKLIST.md","RELEASE_EVIDENCE","Release candidate, acceptance and progress evidence.","MEDIUM","LOW","ARCHIVE_AS_EVIDENCE","Hermes project archive package","LOW","HIGH","Preserve historical pilot outcome, not active Brainy release state.","1087","2026-07-05T01:06:30.6895992-04:00","E55F96B3139CAE98EB7A8625B56ECB8E3B3DA83B6AB220AE36464A997B8C32E1"
"16_RELEASES/RELEASE_001.CANDIDATE_CLOSURE_REVIEW.md","RELEASE_EVIDENCE","Release candidate, acceptance and progress evidence.","MEDIUM","LOW","ARCHIVE_AS_EVIDENCE","Hermes project archive package","LOW","HIGH","Preserve historical pilot outcome, not active Brainy release state.","1695","2026-07-05T01:06:30.7230789-04:00","043C56926D18E4ED41C647D9388318551C9E5B4634DD883A27821B2B078BFF47"
"16_RELEASES/RELEASE_001.CANDIDATE.md","RELEASE_EVIDENCE","Release candidate, acceptance and progress evidence.","MEDIUM","LOW","ARCHIVE_AS_EVIDENCE","Hermes project archive package","LOW","HIGH","Preserve historical pilot outcome, not active Brainy release state.","1421","2026-07-05T01:06:30.7106786-04:00","EFA8F02D2756F90FD00CD5BCE9130F7C920C75BB9BC47E2FF1C9C50212BFD18E"
"16_RELEASES/RELEASE_001.HUMAN_ACCEPTANCE.md","RELEASE_EVIDENCE","Release candidate, acceptance and progress evidence.","MEDIUM","LOW","ARCHIVE_AS_EVIDENCE","Hermes project archive package","LOW","HIGH","Preserve historical pilot outcome, not active Brainy release state.","1245","2026-07-05T01:06:30.6487293-04:00","295A7F452968B795CA0DC825027303DE34E18F11B61AC85FAEB810D3DFE215AD"
"16_RELEASES/RELEASE_001.MINIMUM_USEFUL_SYSTEM.md","RELEASE_EVIDENCE","Release candidate, acceptance and progress evidence.","MEDIUM","LOW","ARCHIVE_AS_EVIDENCE","Hermes project archive package","LOW","HIGH","Preserve historical pilot outcome, not active Brainy release state.","1040","2026-07-04T12:27:55.8840097-04:00","13C498BEA6C092F7196D3A69007B87BA65728C1C8C81F8D2512D1403FD79F87F"
"16_RELEASES/RELEASE_001.PROGRESS.md","RELEASE_EVIDENCE","Release candidate, acceptance and progress evidence.","MEDIUM","LOW","ARCHIVE_AS_EVIDENCE","Hermes project archive package","LOW","HIGH","Preserve historical pilot outcome, not active Brainy release state.","8900","2026-07-05T10:47:18.8799322-04:00","4F00183A1ED98D899EB3BAC7EDAB96FEA8969821539A1D2EA5C0CC8C7D095F5F"
"89_IA.History/20260716.md","CONVERSATION_HISTORY","Large historical AI conversation record.","MEDIUM","UNKNOWN","ARCHIVE_AS_EVIDENCE","Hermes project archive package","HIGH","HIGH","Do not inject wholesale into Brainy; retain as source history.","474644","2026-07-17T00:05:53.6593005-04:00","23DDC1149E619160CFD0376E849896127879112278F017C6CCBC0E5C69599E74"
"README.md","PROJECT_OVERVIEW","Bootstrap-era project overview.","LOW","HIGH","ARCHIVE_AS_EVIDENCE","Hermes project archive package","LOW","HIGH","Project identity is superseded; use only as historical evidence.","1299","2026-07-03T23:41:54.0747553-04:00","A32729583F17B5570CD0E5D16397FC9562750F68E878A9CFD36307A02054C535"
